<?xml version="1.0" encoding="UTF-8"?>

<beans xmlns="http://www.springframework.org/schema/beans"
	xmlns:xsi="http://www.w3.org/2001/XMLSchema-instance" xmlns:context="http://www.springframework.org/schema/context"
	xmlns:mvc="http://www.springframework.org/schema/mvc" xmlns:aop="http://www.springframework.org/schema/aop"
	xsi:schemaLocation="http://www.springframework.org/schema/mvc http://www.springframework.org/schema/mvc/spring-mvc-3.0.xsd
		http://www.springframework.org/schema/beans http://www.springframework.org/schema/beans/spring-beans-3.0.xsd
		http://www.springframework.org/schema/aop http://www.springframework.org/schema/aop/spring-aop-3.0.xsd
		http://www.springframework.org/schema/context http://www.springframework.org/schema/context/spring-context-3.0.xsd">

	<mvc:annotation-driven />

	<mvc:resources mapping="/static/**" location="/static/" />

	<context:component-scan base-package="com.in28minutes.springmvc.web" />

	<bean id="jspViewResolver"
		class="org.springframework.web.servlet.view.InternalResourceViewResolver">
		<property name="viewClass"
			value="org.springframework.web.servlet.view.JstlView" />
		<property name="prefix" value="/WEB-INF/views/" />
		<property name="suffix" value=".jsp" />
	</bean>

	<mvc:interceptors>
		<mvc:interceptor>
			<mvc:mapping path="/user/**" />
			<bean
				class="com.in28minutes.springmvc.web.interceptors.SessionCheckInterceptor" />
		</mvc:interceptor>
	</mvc:interceptors>

	<bean id="sessionData" class="com.in28minutes.springmvc.web.util.SessionData"
		scope="session">
		<aop:scoped-proxy />
	</bean>

	<bean id="messageProvider"
		class="org.springframework.context.support.ResourceBundleMessageSource">
		<property name="basename" value="todolist" />
	</bean>

</beans>
