<?xml version="1.0" encoding="UTF-8"?>

<beans xmlns="http://www.springframework.org/schema/beans"
	xmlns:xsi="http://www.w3.org/2001/XMLSchema-instance" xmlns:jdbc="http://www.springframework.org/schema/jdbc"
	xmlns:context="http://www.springframework.org/schema/context" xmlns:tx="http://www.springframework.org/schema/tx"
	xsi:schemaLocation="http://www.springframework.org/schema/beans
       http://www.springframework.org/schema/beans/spring-beans-3.2.xsd
       http://www.springframework.org/schema/jdbc
       http://www.springframework.org/schema/jdbc/spring-jdbc-3.2.xsd
       http://www.springframework.org/schema/context
       http://www.springframework.org/schema/context/spring-context-3.2.xsd
       http://www.springframework.org/schema/tx
       http://www.springframework.org/schema/tx/spring-tx-3.2.xsd">

	<context:property-placeholder location="classpath:config/*.properties" />

	<context:annotation-config />

	<!-- ======================================== -->
	<!-- embedded database configuration -->
	<!-- ======================================== -->

	<bean id="todolistDataSource" class="com.mchange.v2.c3p0.ComboPooledDataSource"
		destroy-method="close">
		<property name="driverClass" value="${db.driver}" />
		<property name="jdbcUrl" value="${db.url}" />
		<property name="user" value="${db.username}" />
		<property name="password" value="${db.password}" />
	</bean>

	<jdbc:initialize-database data-source="todolistDataSource">
		<jdbc:script location="classpath:config/schema.sql" />
		<jdbc:script location="classpath:config/data.sql" />
	</jdbc:initialize-database>

	<bean
		class="org.springframework.orm.jpa.LocalContainerEntityManagerFactoryBean"
		id="entityManagerFactory">
		<property name="persistenceUnitName" value="hsql_pu" />
		<property name="dataSource" ref="todolistDataSource" />
	</bean>

	<bean id="transactionManager" class="org.springframework.orm.jpa.JpaTransactionManager">
		<property name="entityManagerFactory" ref="entityManagerFactory" />
		<property name="dataSource" ref="todolistDataSource" />
	</bean>

	<tx:annotation-driven />

    <bean class="org.springframework.orm.jpa.support.PersistenceAnnotationBeanPostProcessor" />

</beans>